{"min":13068.281,"max":532323.1711,"mean":18086.508669800452,"median":17416.90135,"std_dev":10124.513314599304,"variance":102505769.85749857,"skewness":45.90408123394031,"kurtosis":2217.735835290175,"range":519254.8901,"iqr":3607.6924,"q1":16378.780725,"q3":19986.473125,"unique_count":7115,"unique_ratio":0.9998594716132658,"zero_count":0,"zero_ratio":0,"integer_count":1,"integer_ratio":0.0001405283867341203,"diff_stats":{"min":-512566.57310000004,"max":512521.64950000006,"mean":-0.27016899508081227,"std_dev":13981.678575995324,"range":1025088.2226000001,"zero_ratio":0,"unique_count":7101,"unique_ratio":0.9978920741989882},"second_diff_stats":{"min":-1025088.2226000001,"max":512528.81260000006,"mean":0.00042140849030418144,"std_dev":24217.85327824622,"range":1537617.0352000003,"zero_ratio":0,"unique_count":7110,"unique_ratio":0.9991568296795953},"monotonicity":-0.013914265635980323,"smoothness":24217.85327824622,"change_points":3770,"run_length":{"max_run_length":1,"avg_run_length":1,"run_count":7116,"constant_run_ratio":0,"InRunRatio":0.00014052838673417334},"bit_stats":{"avg_set_bits":29.32405845980888,"sign_changes":0,"mantissa_entropy":12.796569738495535,"exponent_range":6,"common_exponent":14},"entropy":0.9973123984232618,"percentile_95":0,"percentile_5":0,"auto_correlation":[0.046596044668583865,0.046405878940604384,0.04635587836067731,0.04629257940426645,0.046206761296417,0.0461226646722509,0.0462130363604915,0.04625480668099018,0.04619404112889923,0.04611188042858263],"periodicity":0,"periodic_score":0}
