{"min":0.01,"max":1.45,"mean":0.2236794375176521,"median":0.17,"std_dev":0.15509025820191166,"variance":0.024052988189135625,"skewness":1.3847847087573932,"kurtosis":5.0872310401863485,"range":1.44,"iqr":0.19,"q1":0.11,"q3":0.3,"unique_count":122,"unique_ratio":0.0012306823225598192,"zero_count":0,"zero_ratio":0,"integer_count":11,"integer_ratio":0.00011096316023080337,"diff_stats":{"min":-1.24,"max":0.9199999999999999,"mean":-2.0175323561755782e-7,"std_dev":0.09552657793720934,"range":2.16,"zero_ratio":0.07172327526202701,"unique_count":491,"unique_ratio":0.0049529919703022235},"second_diff_stats":{"min":-2.16,"max":1.69,"mean":-7.061434479975162e-7,"std_dev":0.16102593066810547,"range":3.85,"zero_ratio":0.043589226268536264,"unique_count":1100,"unique_ratio":0.011096316023080338},"monotonicity":-0.00550961193640582,"smoothness":0.16102593066810547,"change_points":59023,"run_length":{"max_run_length":6,"avg_run_length":1.0772641324900567,"run_count":92022,"constant_run_ratio":0.06929864597596228,"InRunRatio":0.13606100956300693},"bit_stats":{"avg_set_bits":33.837368357341724,"sign_changes":0,"mantissa_entropy":4.32918677050351,"exponent_range":7,"common_exponent":-3},"entropy":4.988063477693461,"percentile_95":0,"percentile_5":0,"auto_correlation":[0.8103048363299029,0.7802178283088331,0.7710934798760972,0.7638911399602701,0.7589972408601404,0.7536477878123208,0.749776997755368,0.745303586654491,0.742158445871331,0.7373908692628692],"periodicity":0,"periodic_score":0}
