{"min":0.22,"max":357.48,"mean":188.3386500000002,"median":197.92000000000002,"std_dev":62.24501185860193,"variance":3874.4415012774944,"skewness":-0.5284854271744115,"kurtosis":0.8533199247981966,"range":357.26,"iqr":60.99249999999998,"q1":163.24,"q3":224.2325,"unique_count":973,"unique_ratio":0.973,"zero_count":0,"zero_ratio":0,"integer_count":8,"integer_ratio":0.008,"diff_stats":{"min":-345.36999999999995,"max":352.4,"mean":0.16180180180180181,"std_dev":68.23406896502857,"range":697.77,"zero_ratio":0,"unique_count":979,"unique_ratio":0.979},"second_diff_stats":{"min":-693.3100000000001,"max":277.11,"mean":-188.09611222444892,"std_dev":99.97994365863289,"range":970.4200000000001,"zero_ratio":0,"unique_count":985,"unique_ratio":0.985},"monotonicity":-0.005005005005005005,"smoothness":99.97994365863289,"change_points":611,"run_length":{"max_run_length":1,"avg_run_length":1,"run_count":1000,"constant_run_ratio":0},"bit_stats":{"avg_set_bits":28.441,"sign_changes":0,"mantissa_entropy":9.899784284662026,"exponent_range":11,"common_exponent":7},"entropy":5.900154184605003,"percentile_95":273.6189999999999,"percentile_5":63.226000000000006,"auto_correlation":[0.39795783035463894,0.20976883551871764,0.3709989896509963,0.32760439266976654,0.2648541423011862,0.25214588444226294,0.2552737288864257,0.24034972412192673,0.19163951997053194,0.22155061825941252],"periodicity":0,"periodic_score":0}
